<?xml version="1.0" encoding="utf-8"?>
<!DOCTYPE hibernate-mapping PUBLIC "-//Hibernate/Hibernate Mapping DTD 3.0//EN"
"http://hibernate.sourceforge.net/hibernate-mapping-3.0.dtd">
<!-- 
    Mapping file autogenerated by MyEclipse Persistence Tools
-->
<hibernate-mapping>
    <class name="com.qianfeng.entity.City" table="city" catalog="anhuiligong">
        <id name="id" type="java.lang.Integer">
            <column name="id" />
            <generator class="identity" />
        </id>
        <property name="cityId" type="java.lang.Integer">
            <column name="cityID" not-null="true" />
        </property>
        <property name="city" type="java.lang.String">
            <column name="city" length="20" not-null="true" />
        </property>
        <property name="fatherId" type="java.lang.Integer">
            <column name="fatherID" not-null="true" />
        </property>
        <property name="infectCount" type="java.lang.Integer">
            <column name="infectCount" />
        </property>
    </class>
</hibernate-mapping>
