<?xml version="1.0" encoding="utf-8"?>
<!DOCTYPE hibernate-mapping PUBLIC "-//Hibernate/Hibernate Mapping DTD 3.0//EN"
"http://hibernate.sourceforge.net/hibernate-mapping-3.0.dtd">
<!-- 
    Mapping file autogenerated by MyEclipse Persistence Tools
-->
<hibernate-mapping>
    <class name="com.qianfeng.entity.Province" table="province" catalog="anhuiligong">
        <id name="provinceId" type="java.lang.Integer">
            <column name="provinceID" />
            <generator class="assigned" />
        </id>
        <property name="province" type="java.lang.String">
            <column name="province" length="20" not-null="true" />
        </property>
        
        <!-- 
        一对多的关系
         -->
         <set name="cities" >
         <key column="fatherId"></key>
         <one-to-many class="com.qianfeng.entity.City" />
         </set>
         
         
    </class>
</hibernate-mapping>
