<?xml version="1.0" encoding="utf-8"?>
<!DOCTYPE hibernate-mapping PUBLIC "-//Hibernate/Hibernate Mapping DTD 3.0//EN"
"http://hibernate.sourceforge.net/hibernate-mapping-3.0.dtd">
<!-- 
    Mapping file autogenerated by MyEclipse Persistence Tools
-->
<hibernate-mapping>
    <class name="com.qianfeng.entity.User" table="user" catalog="anhuiligong">
        <id name="id" type="java.lang.Integer">
            <column name="id" />
            <generator class="identity" />
        </id>
        <property name="username" type="java.lang.String">
            <column name="username" unique="true" />
        </property>
        <property name="password" type="java.lang.String">
            <column name="password" />
        </property>
        <property name="email" type="java.lang.String">
            <column name="email" />
        </property>
        <property name="createtime" type="java.sql.Timestamp">
            <column name="createtime" length="19" />
        </property>
        <property name="updatetime" type="java.sql.Timestamp">
            <column name="updatetime" length="19" />
        </property>
        <property name="iamgepath" type="java.lang.String">
            <column name="iamgepath" />
        </property>
    </class>
</hibernate-mapping>
