<?xml version='1.0' encoding='UTF-8'?>
<!DOCTYPE hibernate-configuration PUBLIC
          "-//Hibernate/Hibernate Configuration DTD 3.0//EN"
          "http://hibernate.sourceforge.net/hibernate-configuration-3.0.dtd">

<!-- Generated by MyEclipse Hibernate Tools. -->
<hibernate-configuration>

	<session-factory>
		<property name="dialect">
			org.hibernate.dialect.MySQLDialect
		</property>
		<property name="connection.url">
			jdbc:mysql://cdb-kthncrwi.bj.tencentcdb.com:10159/anhuiligong
		</property>
		<property name="connection.username">student</property>
		<property name="connection.password">521qianfeng</property>
		<property name="connection.driver_class">
			com.mysql.jdbc.Driver
		</property>
		<property name="myeclipse.connection.profile">mysql</property>
		<property name="connection.autoReconnect">true</property>
		<property name="connection.autoReconnectForPools">
			true
		</property>
		<property name="connection.is-connection-validation-required">
			true
		</property>
		<property name="hibernate.connection.provider_class">
			org.hibernate.connection.C3P0ConnectionProvider
		</property>
		<property name="hibernate.c3p0.max_size">20</property>
		<property name="hibernate.c3p0.min_size">5</property>
		<property name="hibernate.c3p0.timeout">120</property>
		<property name="hibernate.c3p0.max_statements">100</property>
		<property name="hibernate.c3p0.idle_test_period">120</property>
		<property name="hibernate.c3p0.acquire_increment">2</property>
		<property name="hibernate.c3p0.validate">true</property>
		<property name="dialect">
			org.hibernate.dialect.MySQL5InnoDBDialect
		</property>
		<property name="current_session_context_class">thread</property>
		<property name="show_sql">true</property>
		<property name="format_sql">true</property>
		<property name="connection.autocommit">true</property>
		<mapping resource="com/qianfeng/entity/User.hbm.xml" />
		<mapping resource="com/qianfeng/entity/City.hbm.xml" />
		<mapping resource="com/qianfeng/entity/Province.hbm.xml" />

	</session-factory>

</hibernate-configuration>